idxes,mpg_mu,mpg_std
RFKernel_MACE_Loss,0.09275082498788834,0.0
RFKernel_AGCE_Loss,0.19794242084026337,0.0
RFKernel_CheckScore,1.1730585098266602,0.0
