idxes,mpg_mu,mpg_std
RFKernel_MACE_Loss,0.08822019398212433,0.0
RFKernel_AGCE_Loss,0.3628571331501007,0.0
RFKernel_CheckScore,1.3097124099731445,0.0
