idxes,mpg_mu,mpg_std
RFKernel_MACE_Loss,0.092750825,0.014160343
RFKernel_AGCE_Loss,0.197942421,0.016791376
RFKernel_CheckScore,1.17305851,0.030834394
