idxes,mpg_mu,mpg_std
RFKernel_MACE_Loss,0.088220194,0.027128345
RFKernel_AGCE_Loss,0.362857133,0.075268931
RFKernel_CheckScore,1.30971241,0.093608943
