idxes,wine_mu,wine_std
RFKernel_MACE_Loss,0.246559107,0.021587572
RFKernel_AGCE_Loss,0.275572491,0.019111135
RFKernel_CheckScore,0.311743313,0.010632632
