idxes,comp_4_mu,comp_4_std,comp_10_mu,comp_10_std,comp_20_mu,comp_20_std,comp_50_mu,comp_50_std,comp_100_mu,comp_100_std,comp_150_mu,comp_150_std
rmse_loss,1.211135209,0.016892135,1.209827244,0.007342875,1.15353173,0.009735644,1.12849164,0.013191581,13.09083855,11.97749794,11.11974961,9.956056058
mean_std_norm_loss,0.641660333,0.036169171,0.618603855,0.011654049,0.551996827,0.020146072,0.537679464,0.021647841,1.558550119,1.042598724,1.754528999,1.219801188
MACE_muSigma,0.057639768,0.010663928,0.060396602,0.00778562,0.067121657,0.008241413,0.075841695,0.018427446,0.087472644,0.024192851,0.175740488,0.089008056
AGCE_muSigma,0.083251357,0.014594674,0.085797984,0.008243266,0.098582823,0.015879977,0.095827837,0.021664109,0.122914456,0.036047377,0.194492042,0.085847855
CheckScore_muSigma,0.323521823,0.002990037,0.327247933,0.004154012,0.31428203,0.003222883,0.3065276,0.007799074,2.172205865,1.86873728,2.007617757,1.692227319
