idxes,comp_4_mu,comp_4_std,comp_10_mu,comp_10_std,comp_20_mu,comp_20_std,comp_50_mu,comp_50_std,comp_100_mu,comp_100_std,comp_150_mu,comp_150_std
MACE_Loss,0.015739395,0.001855702,0.015122093,0.001652213,0.014880998,0.001479723,0.015393181,0.00180036,0.015068149,0.001405554,0.014969565,0.001625613
AGCE_Loss,0.040948596,0.0072961,0.037626265,0.002863226,0.034250561,0.003352445,0.031713807,0.001781384,0.032297862,0.002726934,0.03355437,0.003660014
CheckScore,0.277153268,0.002726033,0.277074546,0.002649754,0.277097374,0.00263992,0.277034089,0.002672657,0.277011678,0.002561107,0.277047291,0.002597317
