idxes,comp_4_mu,comp_4_std,comp_10_mu,comp_10_std,comp_20_mu,comp_20_std,comp_50_mu,comp_50_std,comp_100_mu,comp_100_std
MACE_Loss,0.016780184116214514,0.008633064571768045,0.015915723983198404,0.0061932276003062725,0.016612553503364325,0.006275732535868883,0.014848222956061363,0.0069670118391513824,0.01479225279763341,0.006906145717948675
AGCE_Loss,0.03943202830851078,0.011946095153689384,0.038919052109122276,0.004368295893073082,0.04082246124744415,0.008366771042346954,0.041622722521424294,0.006565546616911888,0.03865382447838783,0.00649416446685791
CheckScore,0.3477375656366348,0.02527715265750885,0.34894615411758423,0.025171875953674316,0.34951435029506683,0.02531050145626068,0.34798748791217804,0.024907007813453674,0.3474550098180771,0.02327372133731842
