idxes,boston_mu,boston_std,concrete_mu,concrete_std,energy_mu,energy_std,kin8nm_mu,kin8nm_std,naval_mu,naval_std,power_mu,power_std,wine_mu,wine_std,yacht_mu,yacht_std
GPmodel_rmse_loss,4.502296209335327,1.8684465885162354,5.334421873092651,0.6477377414703369,0.8566832840442657,0.11818107962608337,0.08048304915428162,0.004155568778514862,0.007452930323779583,0.0030831610783934593,4.149202823638916,0.16224098205566406,0.7127452194690704,0.05159643292427063,2.137905240058899,0.5554038286209106
GPmodel_mean_std_norm_loss,6.717781662940979,4.3591121435165405,8.461081981658936,1.8822531700134277,0.4296851307153702,0.07123397290706635,-2.0160043239593506,0.05042862892150879,-4.06571364402771,0.10294079780578613,3.3353989124298096,0.25415611267089844,0.1654343418776989,0.06913239136338234,1.9697799682617188,0.7467296123504639
GPmodel_MACE_muSigma,0.1069791428744793,0.01263546571135521,0.16554072499275208,0.021012678742408752,0.08487460389733315,0.014948774129152298,0.03487516660243273,0.012682135216891766,0.12432939559221268,0.05950549989938736,0.1288275457918644,0.011202048510313034,0.04677796084433794,0.028813849203288555,0.1105022057890892,0.029911406338214874
GPmodel_AGCE_muSigma,0.36399999260902405,0.10400000214576721,0.2517373785376549,0.03764647990465164,0.19772500544786453,0.029122985899448395,0.07991204783320427,0.027161095291376114,0.14572002738714218,0.0488826259970665,0.1562242954969406,0.00688605010509491,0.11172758415341377,0.045784737914800644,0.2876302972435951,0.05236970633268356
GPmodel_CheckScore_muSigma,1.1258567869663239,0.3371383845806122,1.732151746749878,0.2471611499786377,0.24652200937271118,0.02442842721939087,0.022729218006134033,0.0011279135942459106,0.0025694839423522353,0.0005665960488840938,1.2587465047836304,0.009229898452758789,0.20132580399513245,0.012887194752693176,0.5421211272478104,0.16389738023281097
