idxes,boston_mu,boston_std,concrete_mu,concrete_std,energy_mu,energy_std,kin8nm_mu,kin8nm_std,naval_mu,naval_std,power_mu,power_std,wine_mu,wine_std,yacht_mu,yacht_std
HNN_iso_MACE_muSigma,0.05746511556208134,0.02744610421359539,0.04430451337248087,0.02116864826530218,0.05469220317900181,0.03452394716441631,0.01320120645686984,0.005104385782033205,0.011391137959435582,0.0050159047823399305,0.010834350250661373,0.005540237762033939,0.016269929939880967,0.008996631717309356,0.06046953424811363,0.02736349031329155
HNN_iso_AGCE_muSigma,0.267099991440773,0.07909999787807465,0.19183939695358276,0.04836060106754303,0.21219520270824432,0.06590278446674347,0.07208731211721897,0.021937048062682152,0.054078059270977974,0.0087489765137434,0.06493080221116543,0.020218299701809883,0.09127465635538101,0.016172602772712708,0.34176667034626007,0.09156666696071625
HNN_iso_CheckScore_muSigma,0.952871561050415,0.19707942008972168,2.2815396785736084,0.5545458793640137,0.6017826348543167,0.13115088641643524,0.030784725211560726,0.0013174237683415413,0.0007924919191282243,0.000298212660709396,1.2770974040031433,0.10528022050857544,0.20067210495471954,0.01214301586151123,1.52534219622612,0.6332667171955109
