idxes,boston_mu,boston_std,concrete_mu,concrete_std,energy_mu,energy_std,kin8nm_mu,kin8nm_std,naval_mu,naval_std,power_mu,power_std,wine_mu,wine_std,yacht_mu,yacht_std
HNN_MMD_rmse_loss,4.80178689956665,2.196929931640625,12.816094875335693,3.7951531410217285,2.652642846107483,0.4438890218734741,0.11439023539423943,0.010547194629907608,0.008988099871203303,0.0017942620906978846,4.911925792694092,0.3726034164428711,0.7541583478450775,0.051238030195236206,7.197112083435059,1.3178539276123047
HNN_MMD_mean_std_norm_loss,107.37752962112427,99.76576566696167,9.584858059883118,6.820186495780945,3.8040908575057983,2.8315473794937134,4.4516129195690155,4.967594653367996,-3.0340486764907837,0.1081627607345581,90.13916683197021,80.93775272369385,2.3113669753074646,1.2030478119850159,108.03876081109047,107.43743547797203
HNN_MMD_MACE_muSigma,0.18074627220630646,0.03377029299736023,0.09799840860068798,0.0490404237061739,0.13109971210360527,0.046419207006692886,0.13160691410303116,0.014572493731975555,0.1954832598567009,0.0067572221159935,0.20726247876882553,0.030825279653072357,0.12546759098768234,0.02019386738538742,0.13947108760476112,0.053214576095342636
HNN_MMD_AGCE_muSigma,0.41099998354911804,0.08900001645088196,0.2437313124537468,0.07265252619981766,0.28186236321926117,0.10313762724399567,0.17852117866277695,0.021058209240436554,0.20165608823299408,0.00529874861240387,0.2302045300602913,0.029287122189998627,0.16312357783317566,0.015476658940315247,0.42009997367858887,0.0765666663646698
HNN_MMD_CheckScore_muSigma,1.319103330373764,0.44657233357429504,3.9264875650405884,1.4615095853805542,0.7114809155464172,0.16237062215805054,0.034744659438729286,0.0031230468302965164,0.005952690960839391,0.0006838941480964422,1.7259114384651184,0.19490402936935425,0.23925689607858658,0.021798424422740936,1.0937796533107758,0.33013513684272766
