idxes,boston_mu,boston_std,concrete_mu,concrete_std,energy_mu,energy_std,kin8nm_mu,kin8nm_std,naval_mu,naval_std,power_mu,power_std,wine_mu,wine_std,yacht_mu,yacht_std
vanillaMSQR_MACE_Loss,0.050909922,0.016360193,0.049027419,0.02811368,0.062813556,0.019587295,0.032360623,0.016585747,0.043454148,0.021826498,0.029327959,0.015189133,0.029368183,0.017544018,0.08797133,0.039125457
vanillaMSQR_AGCE_Loss,0.245489895,0.062510103,0.179257568,0.0634798,0.206038371,0.043462619,0.071632123,0.024967084,0.080891192,0.012183607,0.060096024,0.012703219,0.094116252,0.03078169,0.31106668,0.072266676
vanillaMSQR_CheckScore,1.097268075,0.245608479,1.979204237,0.196848333,0.600436285,0.175447151,0.02898653,0.001491372,0.002131678,0.000697117,1.234587491,0.025772989,0.20297049,0.015106335,0.32091587,0.08664716
